Mizzen Follower,Followers of that follower
347329533
"",342775641
"",185049728
"",32312399
"",2537507303
"",4393564872
"",886256424
"",3304810280
"",51544804
"",4325850252
"",4296598224
"",4221863511
"",94321396
"",4262895612
"",954759337
"",3252771680
"",3320552203
"",3196602072
"",4153307260
"",4169775613
"",248471306
"",4100532203
"",3359360746
"",4082547434
"",1352037330
"",4063002433
22827762
"",17233026
"",3031853380
"",18713969
"",21964002
"",2854462980
"",29895909
"",455444762
"",540255826
"",16800002
"",294234764
"",55573599
"",418347312
"",129019903
"",41513229
"",451464497
"",48429571
"",225217847
"",24572070
"",266817232
"",22890037
"",24947202
"",186994546
"",116392990
"",23156827
"",100884178
122412651
"",1960995296
"",15009098
"",14519349
"",109398452
"",37599351
"",2187735074
"",2511348634
"",14828888
"",3032518404
"",724293822
"",1424127380
"",26630752
"",3978105682
"",3234990535
"",37552244
"",3074186395
"",870618338
"",531938062
"",26514811
"",2151008124
"",1943534618
"",20463402
"",3528468143
"",363569533
"",2457823680
523415699
"",50364910
"",17296100
"",2866397681
"",4351418615
"",292700362
"",379440959
"",3127969658
"",2824718770
"",37761599
"",25675129
"",135719612
"",3874681240
"",437719647
"",1867644685
"",74759156
"",3362023152
"",325999835
"",115777709
"",1665904176
"",2988560471
"",2320812032
"",16089492
"",419041315
"",17604473
"",1173482712
150101369
