Mizzen Follower ID,Followers of that ID
347329533,followers in this column
"",342775641
"",185049728
"",32312399
"",2537507303
"",4393564872
"",886256424
"",3304810280
"",51544804
"",4325850252
"",4296598224
"",4221863511
"",94321396
"",4262895612
"",954759337
"",3252771680
"",3320552203
"",3196602072
"",4153307260
"",4169775613
"",248471306
"",4100532203
"",3359360746
"",4082547434
"",1352037330
"",4063002433
"",3961458974
"",341045101
"",3942119534
"",3254235716
"",3849788954
"",41746642
"",205544207
"",3765282672
"",3825087905
"",3750321018
"",182871547
"",3308636789
"",2733703210
"",474153220
"",3687970998
"",242636151
"",3750971595
"",3555082213
"",48595508
"",3680374156
"",3251027042
"",3666569735
"",3540730032
"",2448113647
"",3092363085
"",3477234674
"",2975270762
"",1747297190
"",818231594
"",3527978422
"",2265361956
"",3255040730
"",3332518694
"",3272037727
"",3327355962
"",3325855207
"",2508173906
"",97966619
"",1055792821
"",3321968360
"",2830148202
"",2357132738
"",3320490679
"",3312874770
"",1319717978
"",17595745
"",3288401504
"",3301794733
"",1596483618
"",2832517700
"",3238946222
"",3300061316
"",3296334126
"",230320758
"",3288134988
"",3293931476
"",295969824
"",3288121928
"",3386059143
"",3286576638
"",574973905
"",1833927236
"",3366904851
"",3269265534
"",2306922289
"",3362545821
"",68170010
"",36403400
"",3244789022
"",3248873132
"",3247514100
"",3247123399
"",1547539699
"",3244513334
"",3245512825
"",2586043758
"",3244491727
"",803003838
"",18612159
"",2273325482
"",3237301142
"",3229507465
"",39624511
"",2292725947
"",3224402005
"",513258249
"",1942539517
"",3198507294
"",160645560
"",3241002189
"",3035276750
"",3165536144
"",3166388365
"",51545532
"",77807866
"",2966466644
"",260464175
"",3154650967
"",2598448668
"",22220059
"",80909575
"",3073528898
"",335063021
"",3140815650
"",3132583031
"",408530342
"",3102002550
"",3096720836
"",3094643212
"",611293453
"",3084339363
"",3070875932
"",3069165102
"",3068653130
"",3076671688
"",1193824694
"",223060989
"",479007888
"",28907345
"",3032945876
"",2360567024
"",3047083436
"",151920996
"",91209300
"",276806745
"",2295120211
"",392963445
"",456280463
"",31649439
"",3021468438
"",3041347239
"",2849446273
"",753202963
"",2795061522
"",3018744711
"",1865709732
"",15764710
"",168179811
"",155654814
"",336800391
"",2990777257
"",2996790982
"",1621381099
"",187701285
"",27097089
"",2970726358
"",2980920536
"",2425552396
"",2967881449
"",2905367406
"",2966471747
"",14209219
"",2964216808
"",2952696757
"",2951383855
"",2937283806
"",295471316
"",348599235
"",2931742243
"",2930086254
"",1535229127
"",267809744
"",2728571787
"",2898780063
"",1020271705
"",1563542533
"",2917175833
"",563354622
"",2908400959
"",245352090
"",2896972150
"",450929237
"",69615944
"",2894877687
"",58029036
"",58029036
"",2321386773
"",2321742032
"",108455609
"",281347049
"",478408059
"",1301421931
"",2834334352
"",830248010
"",2903857166
"",859103762
"",2896029554
"",2870802671
"",491878402
"",2894841234
"",479028953
"",2891517252
"",24847261
"",2889199417
"",183486994
"",251406390
"",2856046462
"",232370200
"",1705854416
"",545355418
"",488600742
"",2785861727
"",2316769927
"",1242420978
"",120842648
"",482146252
"",581487277
"",2850852362
"",43287979
"",38281082
"",2842615813
"",618615748
"",275868021
"",63037275
"",2802397612
"",2787995444
"",1965249330
"",2786757661
"",2793203584
"",2413114159
"",2780739442
"",271007244
"",183079763
"",833688780
"",544616786
"",168744961
"",2773837157
"",204567632
"",134571140
"",85924388
"",2804853264
"",2371018686
"",8573172
"",263899626
"",2802102919
"",361084701
"",2463327164
"",20664677
"",2792983908
"",913808269
"",2293423436
"",454620603
"",2396765562
"",263786349
"",312807567
"",1591314080
"",978472754
"",27708148
"",2547126019
"",151482757
"",248429111
"",439638050
"",454606104
"",448673615
"",2598399168
"",2480669220
"",820469720
"",2668391755
"",439519029
"",2706977347
"",49137020
"",2453586829
"",150489768
"",2357671338
"",2413297230
"",2677668434
"",2612581249
"",245173926
"",166708541
"",581381230
"",407301733
"",379824075
"",312931277
"",63549101
"",521904183
"",2713560327
"",33452978
"",270142257
"",2546818314
"",8026472
"",2611302019
"",387854051
"",2347295556
"",132747594
"",1340965098
"",1581866354
"",1433788885
"",2654878691
"",222818281
"",19913919
"",37261218
"",934567586
"",2590419799
"",27455000
"",2588370102
"",27582187
"",24692795
"",2586639013
"",1093113631
"",2623931482
"",54277247
"",1890767064
"",298667093
"",2534948437
"",123658211
"",66913482
"",1514921419
"",182256480
"",144741381
"",378254088
"",55417263
"",2557085076
"",140422848
"",1858228680
"",214324012
"",1656953028
"",69042120
"",75848860
"",2577290205
"",147679330
"",20720018
"",276855356
"",33773994
"",28608340
"",2226874363
"",2540481967
"",2337726006
"",2291378720
"",42714704
"",1163764536
"",2505617095
"",858449472
"",463305402
"",25512808
"",546402679
"",492381677
"",114974779
"",61670616
"",121339758
"",43497216
"",277309104
"",2227292335
"",161507828
"",76851378
"",2475626089
"",1479784364
"",2424706994
"",2473406395
"",1071585991
"",2470727198
"",495411731
"",2380860066
"",2468092340
"",1954690502
"",1587588828
"",2172752406
"",538626957
"",2457171270
"",2396476668
"",2451461972
"",31476779
"",67748987
"",745177969
"",2444820494
"",304145674
"",2436307146
"",2439401918
"",306478543
"",47545341
"",15574797
"",14248176
"",226497461
"",2210033809
"",144012664
"",2379851023
"",248351632
"",1594389224
"",262908793
"",282818343
"",2411620310
"",325622989
"",2366596939
"",2190712568
"",354135723
"",2363384118
"",27150035
"",355295864
"",554885920
"",34320469
"",1915672992
"",2405380975
"",23661851
"",151491176
"",983431734
"",2416469368
"",365749129
"",36109178
"",2379264253
"",2379911654
"",259406342
"",398892679
"",2374039830
"",1180842344
"",126856060
"",32585892
"",309756526
"",2360194962
"",331921279
"",2356826408
"",2344482332
"",239197397
"",309229366
"",18206547
"",395757733
"",2334451532
"",2326079796
"",523415699
"",1195977516
"",44552026
"",136306386
"",288930604
"",106913393
"",168309689
"",247676603
"",77664764
"",720599864
"",55130462
"",1236593863
"",20243067
"",928581
"",14141376
"",1927291080
"",50454736
"",23139102
"",36750171
"",33840413
"",2318251142
"",471231601
"",266302524
"",321674281
"",234126673
"",48451735
"",1712871770
"",2326454964
"",229318333
"",2324122716
"",2319311108
"",30474552
"",2315838414
"",767163498
"",1507925448
"",594125196
"",1177873118
"",2253152964
"",416839347
"",262503982
"",2295501300
"",1429043688
"",170346759
"",484182554
"",970981122
"",21149402
"",2277264224
"",149977124
"",2260798656
"",24735973
"",27200411
"",137206761
"",1600605373
"",299781124
"",2225656370
"",19922817
"",395025370
"",278234951
"",8924222
"",60960126
"",36477315
"",29554761
"",2196470516
"",1619393760
"",190900844
"",2168606881
"",172090627
"",2171354520
"",2171162868
"",45149140
"",1967492365
"",114667352
"",1506633199
"",33480843
"",36021031
"",18022910
"",1258439826
"",18586172
"",384696777
"",214132914
"",33688093
"",364063571
"",1084065794
"",1454447318
"",165820843
"",215332245
"",1942392836
"",1898562324
"",815766738
"",41726104
"",29804829
"",53349012
"",766571053
"",227842043
"",29986227
"",249679275
"",228936198
"",1861212031
"",44531717
"",1398264182
"",755692010
"",1849064959
"",346986606
"",425405449
"",528616070
"",1726730942
"",739946904
"",754459790
"",1713758893
"",1714011931
"",1020121356
"",745500800
"",49434645
"",69978281
"",1678611025
"",19396497
"",546303220
"",1431292862
"",1665502560
"",1656538344
"",35142753
"",1302254780
"",467189733
"",1592080976
"",1308750278
"",37009622
"",86795693
"",59904198
"",1623229873
"",36229934
"",361661263
"",1615984076
"",34337820
"",91208046
"",210941394
"",17543242
"",1560733074
"",408824187
"",77487158
"",587636737
"",707970980
"",34699837
"",367414232
"",44535269
"",601353755
"",209650891
"",27990425
"",258594572
"",364489884
"",185338179
"",40822328
"",18251321
"",118944666
"",282863845
"",364932979
"",24091964
"",112742943
"",582837860
"",436924225
"",14548072
"",980292133
"",116525628
"",29988893
"",347372997
"",155634184
"",27032599
"",63892932
"",315998115
"",370510871
"",32394984
"",231278644
"",1410946940
"",365821801
"",617474692
"",17124333
"",20404330
"",15320677
"",200303919
"",113208169
"",145786219
"",563218800
"",24773266
"",1189204897
"",39724920
"",1480927094
"",151138658
"",33563526
"",21649825
"",48064337
"",96181478
"",275091187
"",384159337
"",1021425722
"",1263343298
"",1428837685
"",1426962168
"",87827849
"",974717556
"",118189316
"",43096534
"",9353992
"",1413731995
"",99736992
"",21925085
"",174205848
"",1090942790
"",1071967338
"",1098652100
"",176295664
"",1379355678
"",1148179320
"",84155211
"",13239552
"",581238843
"",1327429748
"",391023886
"",44700922
"",1180699195
"",15255895
"",1342531957
"",633518661
"",352415305
"",210678683
"",762364435
"",84471592
"",38446224
"",755641717
"",37022019
"",391048927
"",1301916451
"",43622524
"",1270127496
"",72984179
"",43371421
"",143287699
"",1247041568
"",276046237
"",887249791
"",1164624942
"",26310392
"",617223314
"",213318891
"",455193455
"",789934286
"",45800122
"",106526180
"",1206912164
"",104027497
"",297088931
"",31497112
"",1167692521
"",1187487188
"",490949371
"",555713941
"",465313283
"",193154181
"",799290936
"",1092618367
"",634882073
"",33407869
"",600183567
"",73992011
"",1141179596
"",1138892917
"",19891730
"",1135689210
"",242806510
"",159531547
"",763651405
"",763633231
"",291873773
"",714451302
"",712967731
"",45890008
"",272607058
"",408961209
"",333869275
"",1022989849
"",763690614
"",821931530
"",620103400
"",20656333
"",546231794
"",62377650
"",485144325
"",166607985
"",577606239
"",385241290
"",24614036
"",771883376
"",27859235
"",482493306
"",60628992
"",615716140
"",280787305
"",196341525
"",15539044
"",216796132
"",40187454
"",1009078267
"",213307285
"",596532532
"",114831608
"",122327951
"",83873146
"",986981696
"",987823374
"",977627485
"",929071549
"",297689813
"",251329258
"",33330763
"",101407560
"",20891375
"",958701169
"",138537014
"",21545045
"",57332095
"",23799784
"",372209838
"",948985650
"",239071404
"",707325818
"",62130286
"",625991100
"",837106136
"",768176202
"",915797846
"",40810116
"",387867712
"",37596832
"",463312231
"",866998717
"",422014824
"",236664119
"",259607234
"",857244146
"",627579065
"",406626975
"",308880972
"",342536193
"",168937659
"",797002878
"",820139167
"",34118515
"",501226627
"",57077963
"",33506902
"",717443346
"",24634302
"",605847708
"",211977702
"",573754231
"",757757876
"",19107614
"",65051962
"",438827511
"",453258591
"",22996409
"",716495436
"",164783061
"",543069304
"",90553185
"",57467917
"",702729337
"",233596425
"",39584097
"",632979728
"",149927928
"",144707625
"",52408745
"",22395246
"",240581057
"",151927423
"",525695938
"",15053594
"",345450974
"",613701617
"",313397557
"",103883345
"",596209218
"",221110947
"",594037524
"",299029435
"",596026816
"",30067131
"",75573233
"",130394049
"",403879556
"",213699973
"",42715594
"",48221020
"",388566968
"",276738690
"",476422869
"",316691330
"",537332501
"",14333638
"",107832362
"",584178548
"",435515474
"",15181917
"",581922953
"",265292759
"",274083787
"",17198791
"",229124239
"",22832115
"",485444718
"",42276706
"",17308867
"",563044009
"",32427963
"",551467328
"",494209473
"",57594602
"",451877654
"",226742749
"",47674760
"",548976010
"",23397270
"",271649274
"",526457715
"",247995026
"",57438035
"",488369409
"",64259655
"",539082677
"",182908462
"",73472469
"",499523837
"",330298826
"",170943800
"",536654604
"",71486878
"",403891343
"",73137582
"",29618981
"",322913042
"",245464178
"",522530418
"",71441376
"",438426518
"",516198616
"",279134343
"",50175194
"",514511877
"",355360406
"",421104312
"",56792815
"",57165999
"",494460894
"",251915475
"",49793697
"",81742645
"",115482183
"",300408520
"",64554489
"",94155151
"",25474714
"",33587960
"",355289561
"",305788145
"",94254400
"",487249651
"",479859895
"",322353675
"",39600720
"",36188163
"",188004298
"",95829270
"",317190285
"",237868194
"",412528629
"",291726110
"",237436562
"",34463402
"",467932429
"",421529852
"",211243546
"",467847294
"",98017297
"",60630854
"",452639071
"",462224529
"",463975462
"",34506593
"",429288338
"",390494048
"",433873819
"",17476294
"",315024241
"",26030306
"",365703134
"",322086522
"",25027604
"",281833857
"",16830786
"",97349913
"",26403595
"",163359126
"",147847003
"",81232778
"",71118997
"",295886243
"",16999879
"",23019279
"",153855592
"",436993904
"",393426386
"",68611830
"",263220598
"",424506396
"",325569905
"",425638849
"",191259608
"",76562266
"",126707498
"",385847909
"",421545660
"",381599930
"",279455476
"",415216606
"",187821215
"",415159709
"",103101086
"",216602748
"",409669160
"",41651122
"",380133727
"",70244561
"",322879719
"",253722718
"",73716638
"",39310144
"",291263656
"",366231587
"",357676788
"",18814617
"",315788906
"",31586447
"",7258332
"",139983348
"",367940000
"",182516029
"",29363289
"",393785410
"",50925996
"",110494425
"",371397747
"",389772460
"",307470158
"",387237954
"",343878017
"",322892812
"",21140145
"",95819424
"",107902271
"",98929894
"",138335665
"",352415965
"",15873448
"",50984801
"",324729410
"",263271518
"",357943016
"",375364053
"",363850650
"",17654773
"",296987306
"",22887220
"",28889421
"",87802410
"",353743041
"",35353080
"",161084335
"",24138026
"",63206148
"",106495251
"",279517933
"",45727902
"",257814812
"",178613273
"",43851838
"",277718659
"",44084244
"",342508581
"",305587392
"",25388505
"",309368221
"",272611815
"",18156090
"",357031575
"",19167105
"",27479194
"",250350482
"",346873749
"",94167712
"",110332648
"",114347556
"",31084982
"",29049488
"",317281687
"",365612261
"",155257013
"",110825594
"",18912600
"",285415594
"",43153758
"",357660390
"",159176270
"",250305423
"",93681852
"",71360847
"",117524901
"",106941179
"",23701653
"",43187546
"",195208860
"",82713448
"",132096252
"",144673117
"",200073794
"",339991158
"",353373657
"",39152155
"",24402153
"",304681322
"",38306738
"",242158166
"",20574059
"",28412669
"",27604209
"",17093617
"",314793384
"",191041536
"",59496233
"",36748513
"",20959605
"",293200051
"",23985670
"",27552444
"",254806595
"",37459761
"",74856775
"",14213729
"",63176918
"",78215459
"",240841762
"",279702258
"",183058694
"",36843751
"",203807069
"",81877859
"",48224985
"",22172951
"",56151906
"",152712784
"",291752065
"",22593912
"",20406417
"",26849391
"",18730629
"",288066239
"",26854961
"",28770854
"",26396585
"",37142630
"",32598191
"",27577471
"",182849151
"",249953490
"",225170080
"",22711848
"",53860035
"",23533425
"",110319786
"",222538018
"",80760462
"",143872296
"",14429843
"",16441439
"",184545141
"",193803117
"",27692888
"",135033857
"",299289597
"",27432578
"",333913982
"",89830690
"",333569382
"",82491639
"",307607495
22827762,followers in this column
"",17233026
"",3031853380
"",18713969
"",21964002
"",2854462980
"",29895909
"",455444762
"",540255826
"",16800002
"",294234764
"",55573599
"",418347312
"",129019903
"",41513229
"",451464497
"",48429571
"",225217847
"",24572070
"",266817232
"",22890037
"",24947202
"",186994546
"",116392990
"",23156827
"",100884178
"",90084624
"",85429006
"",81611317
"",75831522
"",16261491
"",40322411
"",15074459
"",62678778
"",62665356
"",16203019
"",33346979
"",16520258
"",39024943
"",35802990
"",39560727
"",33962241
"",39368379
"",37227474
"",26044292
"",24306467
"",29530020
"",18619100
"",14503091
"",26476526
"",18245500
"",18890095
"",19385270
"",19364899
"",23490960
"",21236158
"",14198184
"",20246890
"",19748024
"",19379484
"",19868598
"",15122382
"",7334362
"",13562432
122412651,followers in this column
"",1960995296
"",15009098
"",14519349
"",109398452
"",37599351
"",2187735074
"",2511348634
"",14828888
"",3032518404
"",724293822
"",1424127380
"",26630752
"",3978105682
"",3234990535
"",37552244
"",3074186395
"",870618338
"",531938062
"",26514811
"",2151008124
"",1943534618
"",20463402
"",3528468143
"",363569533
"",2457823680
"",184269537
"",600605790
"",282347609
"",2168749710
"",2651450029
"",2305374409
"",48605609
"",42724101
"",2984265557
"",74013768
"",3264560582
"",24456775
"",202218613
"",1391524332
"",447479883
"",354527982
"",3281984221
"",110207321
"",3254197172
"",707103600
"",500101445
"",2236490534
"",837741554
"",170374450
"",246915271
"",13438112
"",167121904
"",29629176
"",481367321
"",840504344
"",165586474
"",94431715
"",1168649012
"",16482279
"",1398267104
"",24003885
"",966301262
"",111940614
"",2831914482
"",16337859
"",1876314590
"",2951501552
"",3153767409
"",1643303280
"",41428421
"",25117501
"",180661859
"",27654694
"",1167412074
"",1835164717
"",237323446
"",107430237
"",353328307
"",218131313
"",172009771
"",90063802
"",993951428
"",2588255277
"",16329856
"",23543075
"",56763655
"",2424092148
"",14923268
"",1956528806
"",2319280117
"",46351215
"",103423178
"",310386783
"",234165449
"",66484037
"",228102036
"",125134488
"",330692585
"",3022866117
"",2571460466
"",3111235907
"",414097616
"",2836809927
"",2155547534
"",48082275
"",27588122
"",297049805
"",2974131369
"",813948451
"",257813972
"",609708474
"",382832938
"",2636309330
"",24902818
"",50692553
"",2994802233
"",2830063805
"",990822398
"",24277551
"",2986006384
"",14288935
"",1526169325
"",64496398
"",92705317
"",58934681
"",1087679635
"",2875998782
"",371493849
"",2844496266
"",302390404
"",234808561
"",177513948
"",27020290
"",2571284628
"",280828738
"",2551892496
"",46462866
"",37499694
"",2696664396
"",212317779
"",2275445509
"",213495525
"",293218472
"",304447155
"",2612532073
"",1224814250
"",2352245304
"",26265117
"",23309078
"",51848289
"",2527092092
"",538566453
"",1497052052
"",2461569366
"",2383750502
"",2202801667
"",358499572
"",23964511
"",2211711421
"",253836046
"",143747970
"",176475594
"",52815001
"",136787970
"",24619976
"",422305029
"",2385557374
"",180491908
"",21683430
"",247432695
"",2385257712
"",8405102
"",246876306
"",14411653
"",377534642
"",51167856
"",14644914
"",318622246
"",33314461
"",7356192
"",1016527632
"",260385208
"",113488295
"",582252796
"",100115357
"",909395012
"",327616546
"",109357072
"",1425512510
"",126858086
"",583434590
"",362441454
"",12877822
"",162934766
"",36302291
"",422459390
"",198589967
"",816035785
"",285274354
"",91469314
"",179454931
"",358789445
"",157098387
"",446553635
"",326341958
"",74961430
"",498405977
"",357966398
"",50055238
"",151453125
"",75010851
"",323806919
"",281663368
"",198930419
"",120548424
"",218938482
"",278185433
"",522083365
"",428243532
"",147486418
"",298880489
"",479710567
"",258062709
"",486233461
"",22239530
"",110442066
"",1237143956
"",331705190
"",373692269
"",382060502
"",178991160
"",227476781
"",501835280
"",113900829
"",430904219
"",72453714
"",14518351
"",369882534
"",153995903
"",1381304312
"",55562024
"",568295420
"",99449355
"",455107390
"",228028173
"",30686206
"",410800275
"",150851159
"",151115722
"",278652779
"",269498348
"",432445199
"",1945479248
"",65003422
"",846432919
"",240895446
"",329888501
"",231872012
"",100267792
"",54200664
"",700759359
"",1111702495
"",1838059651
"",53120087
"",21636855
"",149445673
"",26330003
"",163087484
"",224456821
"",599649802
"",358564342
"",1898172990
"",170129848
"",201793088
"",24029132
"",261800010
"",199635927
"",581731286
"",307604831
"",153503880
"",438516955
"",332000522
"",171270646
"",162699731
"",762335172
"",168611390
"",26053992
"",485715835
"",179656262
"",439022806
"",158792041
"",140536873
"",146625025
"",57865371
"",96676404
"",392043130
"",152888386
"",305775189
"",118427734
"",534240838
"",66469997
"",134930759
"",89930739
"",80587361
"",259468695
"",29272576
"",1064016638
"",175582871
"",111505402
"",241359352
"",130935271
"",313949743
"",415952883
"",250619818
"",17815213
"",140988315
"",346027949
"",1318258255
"",276288285
"",1473900499
"",251327916
"",247264532
"",1094615612
"",323296522
"",45313485
"",113859258
"",16448773
"",621797477
"",713167703
"",120242780
"",457874754
"",485008957
"",130822378
"",568745298
"",227040802
"",277164822
"",38463967
"",17188074
"",501441282
"",169368425
"",105870762
"",828688478
"",278456537
"",405420395
"",526950212
"",554292200
"",1498627488
"",602708788
"",91455524
"",179791231
"",159298379
"",262347066
"",324875219
"",345192372
"",265197641
"",726621451
"",119976002
"",1726638703
"",191685461
"",325915032
"",95010399
"",45177656
"",226341763
"",214225062
"",289431123
"",175859835
"",113253835
"",178812079
"",69355543
"",295263193
"",1919600880
"",73561434
"",396717385
"",64343173
"",390487048
"",106877739
"",173925544
"",482297512
"",101947070
"",482178716
"",1919721930
"",1484944832
"",1594690206
"",1031757162
"",136840526
"",390675312
"",170082424
"",74406777
"",502832607
"",174747507
"",113022081
"",91582933
"",239903801
"",156577024
"",382540708
"",866670697
"",71215280
"",1315515206
"",102714680
"",65616399
"",65573940
"",364044141
"",335340663
"",65287796
"",85871862
"",100127983
"",129687704
"",1186730677
"",844817774
"",389524508
"",1532290688
"",153556121
"",255879324
"",82954895
"",80616533
"",231096601
"",102766018
"",85982777
"",386080797
"",299182138
"",307224572
"",284196112
"",134541698
"",48907069
"",61133510
"",185850278
"",212275249
"",29165815
"",122517851
"",105077089
"",106361352
"",99404995
"",435807782
"",97828397
"",503670770
"",175606098
"",1061718984
"",1289547331
"",135468943
"",174960106
"",107032980
"",130050619
"",234667756
"",970199640
"",76158545
"",72471830
"",229579426
"",190023221
"",723103248
"",256825552
"",628244036
"",77796920
"",164066161
"",491284309
"",90112178
"",75599289
"",92771101
"",447961231
"",423549190
"",139116524
"",96116463
"",216153408
"",189727152
"",18487362
"",107505053
"",127807693
"",101924118
"",614327220
"",279262624
"",769102548
"",74621177
"",272392246
"",271198562
"",1648011847
"",84549402
"",56201065
"",285755068
"",63240125
"",1186355773
"",45295329
"",256533922
"",1134780559
"",910226400
"",254041504
"",358765189
"",546694948
"",483741558
"",378166471
"",229298637
"",241107832
"",233769158
"",112927924
"",1287596910
"",46367139
"",1223882840
"",618073983
"",292223875
"",128362743
"",113939322
"",319167087
"",175276422
"",138076487
"",264141373
"",1917501558
"",245688575
"",1689469832
"",43964570
"",509149922
"",1681501112
"",1178600383
"",197701201
"",63633492
"",396716821
"",400930990
"",173071691
"",957920172
"",105694981
"",299302399
"",25135072
"",199229366
"",351908861
"",18079837
"",339637350
"",494214325
"",351655935
"",509614538
"",580109849
"",207565811
"",89284090
"",571368767
"",67528570
"",300942094
"",63230965
"",558637352
"",291979060
"",148492878
"",81235697
"",384567280
"",1161662276
"",503465657
"",594707021
"",105400013
"",84286316
"",123388211
"",851857938
"",127349735
"",184267338
"",377873899
"",268163395
"",101518001
"",215549223
"",37885721
"",15849322
"",44189747
"",240763640
"",2360703649
"",22820425
"",795500
"",2330837658
"",194717009
"",27919892
"",523415699
"",221485441
"",248432609
"",377647229
"",12297062
"",91015463
"",2304202651
"",57977498
"",20022892
"",239648607
"",43698434
"",456659260
"",430244294
"",152401791
"",314085925
"",437854650
"",83880231
"",475473300
"",183919864
"",2174435749
"",467052698
"",465948638
"",615175200
"",613889755
"",613459412
"",617077241
"",616975762
"",476347047
"",617628712
"",471873642
"",473636070
"",614604059
"",466015669
"",615430376
"",465812219
"",617441305
"",608433373
"",471862505
"",474189880
"",616450657
"",614750289
"",615117163
"",613437381
"",474252079
"",617036774
"",613723388
"",603372040
"",476317717
"",613566901
"",617156993
"",617330977
"",615675007
"",476326730
"",471896371
"",477178716
"",617607574
"",464940105
"",465834644
"",613300799
"",474568467
"",613666352
"",474262929
"",464987826
"",614701728
"",614432631
"",476381993
"",614938797
"",613670660
"",476182949
"",618865128
"",614675448
"",615647306
"",616290052
"",412361012
"",617497836
"",438030712
"",466949643
"",614917233
"",615477573
"",617452200
"",446745754
"",615343728
"",614653164
"",615752280
"",440723718
"",474291953
"",614190222
"",615999019
"",619147039
"",615155375
"",474471998
"",608524383
"",613746894
"",618486290
"",613995080
"",616129356
"",473022914
"",614023518
"",615715736
"",614977397
"",618584527
"",613485004
"",465972633
"",476342822
"",608408414
"",431035324
"",616342184
"",618888869
"",446798730
"",619118059
"",614134715
"",613676098
"",615702202
"",618565879
"",616050526
"",618828831
"",613782444
"",615299003
"",614641245
"",614317807
"",465935977
"",615455651
"",618758380
"",617246711
"",618654434
"",616952524
"",465986275
"",618687762
"",617384065
"",614261061
"",464873552
"",476166577
"",474251917
"",615312453
"",466947223
"",464816099
"",465938947
"",473041123
"",616171599
"",618657916
"",614148150
"",476199520
"",617286105
"",613497994
"",476396969
"",401967601
"",619370034
"",476199801
"",617365488
"",614086213
"",464854729
"",464905732
"",474046593
"",465938412
"",617368867
"",618721555
"",615702779
"",474196187
"",467057203
"",613228973
"",305637311
"",617011762
"",281978719
"",617443555
"",618506537
"",615741108
"",616034907
"",615245881
"",476398875
"",618439193
"",614692896
"",613934297
"",613726204
"",619141048
"",608422543
"",474281903
"",471818572
"",615937677
"",619284321
"",617229536
"",613836977
"",616464033
"",476355232
"",613582345
"",465981843
"",476371368
"",617800636
"",476381394
"",290485565
"",464810997
"",614212575
"",473267361
"",618563780
"",282030596
"",465933877
"",473149025
"",475375132
"",476167528
"",476192315
"",615804261
"",471855387
"",617553279
"",476192946
"",619275098
"",618568515
"",616092178
"",401975371
"",617515504
"",476205136
"",465972624
"",613829176
"",613449819
"",473266769
"",616987033
"",615516392
"",617798185
"",476373982
"",614051098
"",615201516
"",466008980
"",474441966
"",613478870
"",615384244
"",617384271
"",618476767
"",615745230
"",476193898
"",615885907
"",476316330
"",464987873
"",615464829
"",614853020
"",473546117
"",613745038
"",615900429
"",617357283
"",613491481
"",615018155
"",465997189
"",615143797
"",614905801
"",614709723
"",467035028
"",476335081
"",616912933
"",477111483
"",618986471
"",466961050
"",619280510
"",465864871
"",616953085
"",617530589
"",476381872
"",616326573
"",614078919
"",619167348
"",614061208
"",615194322
"",464875043
"",618559661
"",471792810
"",614586686
"",616112207
"",476349009
"",613351342
"",614411673
"",473048135
"",476350460
"",613892350
"",617383256
"",613802688
"",473176048
"",476362793
"",465948257
"",614165593
"",615150856
"",616040325
"",617017971
"",615408903
"",302571140
"",616026321
"",474497363
"",616254150
"",473269885
"",473082323
"",614019345
"",474219024
"",477181396
"",464900538
"",616190896
"",617876571
"",616959791
"",617639555
"",617259878
"",474027904
"",615950693
"",472996401
"",617442866
"",615925513
"",437963213
"",474065309
"",466006509
"",615895808
"",473115837
"",619029021
"",465959783
"",473218580
"",466954459
"",1946143506
"",1961962908
"",2165757050
"",15383059
"",93936411
"",2229031980
"",2225680482
"",2193466807
"",2183563536
"",53999405
"",473857387
"",21331640
"",1092618367
"",487432726
"",1961933496
"",1733037626
"",380615430
"",30973423
"",1919386064
"",1039504254
"",145786671
"",940305612
"",45032108
"",928377488
"",1669864652
"",1898894876
"",1662681152
"",214693898
"",611066331
"",17554231
"",1122873571
"",1699017050
"",92078733
"",246455068
"",1644801858
"",1464610890
"",260765194
"",35459307
"",38478154
"",299439787
"",1625266340
"",1671140160
"",165258543
"",410438518
"",324600627
"",1636457958
"",860698093
"",29776421
"",1378248295
"",1377680390
"",1598631410
"",32561274
"",1370621724
"",162271898
"",124503830
"",141620429
"",293159964
"",1089544867
"",281309613
"",204999372
"",226261825
"",215720725
"",319221710
"",18346101
"",25484842
"",34924826
"",33600887
"",1373736852
"",987540234
"",38089366
"",460348821
"",184263502
"",24007034
"",996350485
"",32442186
"",287528926
"",1464565920
"",138526491
"",865592653
"",370346587
"",1377224900
"",58559649
"",26263144
"",21672825
"",436143123
"",244404220
"",17525171
"",1360420645
"",1393110541
"",415739083
"",1355851398
"",35894164
"",22072900
"",16274102
"",1175017406
"",249484057
"",33698931
"",67929569
"",20254354
"",1164475772
"",15332795
"",1323699906
"",1350016207
"",783763632
"",1330276813
"",1329323221
"",14132797
"",1095582624
"",58504227
"",1120203492
"",314271206
"",252920279
"",516283563
"",804631266
"",19287581
"",402059915
"",1297454316
"",60339338
"",37709770
"",398835165
"",1269802513
"",733923421
"",28115822
"",18733687
"",849523574
"",14751842
"",74215527
"",194215420
"",542576253
"",46972972
"",15292505
"",14910247
"",577699563
"",133864478
"",36741068
"",15571700
"",287840076
"",55734954
"",937386085
"",36073726
"",38074309
"",464210100
"",17820338
"",372250408
"",217104317
"",204812327
"",436310750
"",388927176
"",258815657
"",1062131401
"",211770571
"",872247404
"",1063793912
"",56974752
"",855391681
"",197598241
"",44945900
"",475112032
"",14579415
"",945016363
"",110419066
"",23490336
"",551396486
"",74643024
"",348989360
"",27022403
"",368420190
"",975210410
"",37843534
"",267313830
"",251856450
"",927422120
"",76532659
"",336896536
"",26331111
"",117838245
"",6973982
"",81916822
"",616597589
"",616905532
"",616676364
"",32817251
"",217893658
"",17280409
"",271017604
"",44726326
"",791965940
"",461012322
"",157780956
"",76546575
"",113225474
"",14058707
"",543121791
"",796877004
"",15078784
"",139235403
"",78507184
"",309121340
"",486613063
"",357171103
"",584017697
"",414531175
"",125157956
"",624198990
"",624175419
"",624182250
"",624139889
"",624189043
"",771893329
"",763785703
"",17548215
"",18424661
"",541078602
"",384339149
"",7442252
"",45845720
"",507849535
"",503496947
"",473152008
"",508099599
"",507727342
"",486083996
"",507571277
"",478299254
"",507613062
"",507878619
"",507767170
"",494448207
"",508184470
"",507743869
"",507542768
"",508132485
"",508064155
"",519437102
"",507878304
"",508090167
"",507920238
"",508096836
"",478233698
"",508188005
"",508095137
"",507743899
"",473783936
"",486100577
"",508079237
"",508053241
"",507977479
"",507955846
"",507866054
"",508194069
"",474679217
"",507907098
"",507666264
"",508196063
"",508193626
"",507913469
"",508031012
"",507872101
"",478198356
"",507631658
"",507855870
"",507971784
"",507750930
"",478229230
"",503461803
"",507599501
"",507580283
"",507959355
"",507991919
"",503419232
"",478185833
"",508180581
"",485549393
"",507645507
"",478250460
"",507795019
"",473191247
"",507919710
"",508122832
"",474569031
"",503440251
"",467018117
"",391124353
"",162139628
"",326232954
"",349133161
"",544801963
"",256105927
"",139256864
"",34339331
"",50945242
"",609557445
"",506430190
"",594079014
"",368115314
"",33000245
"",115493756
"",110782268
"",365294930
"",27084900
"",467301605
"",68482331
"",31533092
"",426881714
"",115002357
"",19628054
"",76023845
"",34803698
"",22913792
"",41637440
"",151086162
"",77512353
"",58053740
"",60173948
"",60676078
"",33476238
"",21438484
"",41571363
"",138809676
"",86799450
"",22540177
"",28832126
"",62368844
"",57704667
"",14328641
"",67441741
"",28404963
"",14450581
"",47289158
"",53543228
"",47444128
"",57377662
"",53300250
"",29976796
"",46967656
"",51831319
"",110440153
"",58261260
"",15339684
"",44462203
"",42453330
"",134943096
"",22485841
"",142125950
"",176851280
"",62253120
"",17492366
"",46461060
"",35488329
"",27391890
"",14731296
"",15267291
"",95671915
"",59563356
"",48579133
"",43424466
"",127908037
"",24771400
"",82040431
"",143461230
"",86016360
"",25125094
"",74346034
"",126228525
"",19722429
"",40494263
"",32243488
"",16307208
"",60344782
"",17537751
"",43094135
"",52548068
"",18780034
"",60279280
"",25938377
"",72963541
"",22546458
"",24639600
"",44092513
"",58013015
"",58762992
"",59186191
"",28149209
"",95465753
"",44056399
"",25060016
"",79552665
"",270613528
"",569622677
"",15859039
"",9958912
"",328723603
"",105247334
"",111103997
"",24749103
"",438706104
"",193678672
"",539382104
"",481831462
"",410995578
"",160443541
"",17093617
"",22502595
"",424084864
"",496265708
"",58276580
"",63294990
"",116839904
"",22851407
"",414656067
"",246986113
"",56667444
"",75014376
"",423775139
"",338176736
"",35082379
"",22054444
"",117831323
"",473194541
"",490990866
"",269400861
"",95752548
"",481828712
"",278388496
"",25867668
"",471186411
"",11846902
"",294765773
"",408215706
"",468762431
"",188078565
"",272387854
"",414741869
"",271877021
"",277872322
"",291747136
"",299807335
"",433656446
"",426176339
"",287129834
"",412230078
"",430910712
"",411595904
"",275986243
"",281974489
"",290493634
"",412970121
"",286826518
"",283014721
"",287129773
"",431050644
"",433531942
"",286825352
"",401957113
"",434861811
"",406923120
"",398239605
"",287135473
"",280976192
"",287150370
"",411049149
"",280441827
"",291049830
"",296895160
"",277884990
"",412315410
"",433619085
"",281969835
"",430881279
"",431052577
"",288174100
"",280977446
"",404257758
"",411653239
"",433613404
"",283013570
"",406923913
"",291046108
"",286827185
"",411593675
"",406899623
"",425428387
"",430889377
"",290492284
"",412943555
"",431022315
"",425419734
"",404205891
"",412943475
"",277895075
"",277887907
"",279974977
"",430933993
"",401976354
"",284402428
"",270257028
"",411567319
"",427871420
"",287130660
"",280952518
"",271883023
"",270313890
"",431048124
"",281975861
"",431067425
"",277867592
"",401978716
"",411012860
"",272407648
"",434892721
"",404264597
"",280392699
"",284408041
"",412351029
"",412965590
"",291713941
"",290488152
"",414732103
"",398241891
"",433593520
"",288165857
"",433665467
"",413042385
"",287144322
"",433647245
"",430971700
"",283457038
"",412961953
"",275988118
"",426141790
"",277890475
"",284404417
"",427851291
"",412933582
"",305645068
"",305655676
"",404249365
"",277881738
"",281954403
"",427925712
"",275382986
"",272392175
"",406905081
"",413983973
"",270259253
"",412384312
"",426186249
"",411596798
"",412385967
"",406908071
"",426195005
"",411051264
"",281955964
"",425430196
"",434906663
"",284403696
"",300216598
"",412181331
"",281959093
"",404283930
"",288152772
"",426212859
"",434867723
"",414692899
"",412199337
"",271870969
"",290501383
"",412229582
"",425414205
"",281972704
"",275985039
"",300211502
"",426169718
"",412373326
"",406917213
"",411634537
"",414723749
"",427870369
"",411690727
"",301584808
"",279961299
"",401978563
"",275368874
"",302569347
"",433562098
"",287144629
"",412918654
"",412935772
"",426152927
"",287144368
"",412237045
"",287130910
"",270262076
"",401978947
"",411057740
"",270250719
"",302580294
"",281983118
"",426213166
"",433605114
"",426234389
"",401958519
"",411035796
"",282032264
"",280952523
"",413992413
"",280953522
"",427915999
"",270256288
"",287131391
"",426227599
"",303083190
"",284412791
"",281985058
"",431054755
"",271880786
"",410919342
"",270315621
"",270250254
"",401943843
"",427923138
"",414717001
"",280943285
"",404289688
"",284401889
"",427919893
"",280968288
"",303081632
"",281959383
"",300231054
"",434859882
"",426138679
"",280014535
"",427850329
"",281963959
"",426232926
"",414709152
"",434893278
"",426197940
"",299802442
"",300214234
"",433591738
"",414726419
"",404241394
"",404185210
"",270306516
"",401947811
"",302619365
"",275984217
"",430955562
"",425424124
"",302592736
"",402002465
"",275973567
"",404260523
"",290497345
"",270265106
"",290496861
"",425449162
"",434865732
"",290493600
"",427926090
"",425436955
"",280949695
"",272110594
"",290501656
"",287127500
"",271882493
"",433649592
"",412340304
"",412264886
"",431062245
"",282036569
"",412237093
"",411583939
"",283460056
"",303083579
"",401992192
"",302581800
"",291747229
"",288167166
"",410948308
"",283468726
"",426171633
"",290501647
"",275988587
"",412252921
"",411032456
"",303077428
"",431009685
"",414696777
"",411604686
"",300234482
"",284399124
"",288176708
"",430982452
"",286829208
"",275982563
"",272395983
"",270255758
"",288154382
"",282037396
"",272394707
"",299801789
"",412924769
"",279972548
"",303082067
"",277288359
"",427929183
"",270244727
"",430898491
"",426212659
"",404278685
"",275974378
"",281985976
"",286848081
"",433656958
"",281950629
"",291735358
"",277901234
"",414702119
"",272118855
"",412346133
"",425432271
"",411016330
"",427909634
"",401973445
"",412347648
"",413073193
"",272399919
"",404191622
